timestamp,Run,Rate,MB/sec,Resp,
03/22/2024-09:56:07-CST,format_for_rd-clean,0,0,0
03/22/2024-09:56:09-CST,format_for_72th-1MB-200MB-write,744,744,47.7914
03/22/2024-09:56:10-CST,format_for_72th-1MB-200MB-write,1355,1355,53.0757
03/22/2024-09:56:11-CST,format_for_72th-1MB-200MB-write,1382,1382,52.6862
03/22/2024-09:56:12-CST,format_for_72th-1MB-200MB-write,1383,1383,52.3129
03/22/2024-09:56:13-CST,format_for_72th-1MB-200MB-write,1365,1365,52.4026
03/22/2024-09:56:14-CST,format_for_72th-1MB-200MB-write,1371,1371,52.4432
03/22/2024-09:56:15-CST,format_for_72th-1MB-200MB-write,1370,1370,52.3891
03/22/2024-09:56:16-CST,format_for_72th-1MB-200MB-write,1391,1391,52.551
03/22/2024-09:56:17-CST,format_for_72th-1MB-200MB-write,1362,1362,52.5434
03/22/2024-09:56:18-CST,format_for_72th-1MB-200MB-write,1374,1374,52.1049
03/22/2024-09:56:19-CST,format_for_72th-1MB-200MB-write,1368,1368,50.5987
03/22/2024-09:56:20-CST,format_for_72th-1MB-200MB-write,1381,1381,52.0879
03/22/2024-09:56:21-CST,format_for_72th-1MB-200MB-write,1374,1374,52.8427
03/22/2024-09:56:22-CST,format_for_72th-1MB-200MB-write,1373,1373,52.344
03/22/2024-09:56:23-CST,format_for_72th-1MB-200MB-write,1369,1369,52.3017
03/22/2024-09:56:24-CST,format_for_72th-1MB-200MB-write,1387,1387,52.3813
03/22/2024-09:56:25-CST,format_for_72th-1MB-200MB-write,1368,1368,52.5971
03/22/2024-09:56:26-CST,format_for_72th-1MB-200MB-write,1376,1376,52.3445
03/22/2024-09:56:27-CST,format_for_72th-1MB-200MB-write,1360,1360,52.5126
03/22/2024-09:56:28-CST,format_for_72th-1MB-200MB-write,1372,1372,52.3929
03/22/2024-09:56:29-CST,format_for_72th-1MB-200MB-write,1387,1387,52.0653
03/22/2024-09:56:30-CST,format_for_72th-1MB-200MB-write,1360,1360,50.7462
03/22/2024-09:56:31-CST,format_for_72th-1MB-200MB-write,1371,1371,52.9239
03/22/2024-09:56:32-CST,format_for_72th-1MB-200MB-write,1384,1384,52.5301
03/22/2024-09:56:33-CST,format_for_72th-1MB-200MB-write,1365,1365,52.3918
03/22/2024-09:56:34-CST,format_for_72th-1MB-200MB-write,1370,1370,52.4766
03/22/2024-09:56:35-CST,format_for_72th-1MB-200MB-write,1371,1371,52.3879
03/22/2024-09:56:36-CST,format_for_72th-1MB-200MB-write,1376,1376,52.3728
03/22/2024-09:56:37-CST,format_for_72th-1MB-200MB-write,1371,1371,52.3678
03/22/2024-09:56:38-CST,format_for_72th-1MB-200MB-write,1374,1374,52.4517
03/22/2024-09:56:39-CST,format_for_72th-1MB-200MB-write,1389,1389,52.3005
03/22/2024-09:56:40-CST,format_for_72th-1MB-200MB-write,1375,1375,51.4833
03/22/2024-09:56:41-CST,format_for_72th-1MB-200MB-write,1376,1376,51.004
03/22/2024-09:56:42-CST,format_for_72th-1MB-200MB-write,1373,1373,52.5972
03/22/2024-09:56:43-CST,format_for_72th-1MB-200MB-write,1361,1361,52.4239
03/22/2024-09:56:44-CST,format_for_72th-1MB-200MB-write,1384,1384,52.6854
03/22/2024-09:56:45-CST,format_for_72th-1MB-200MB-write,1367,1367,52.364
03/22/2024-09:56:46-CST,format_for_72th-1MB-200MB-write,1366,1366,52.2786
03/22/2024-09:56:47-CST,format_for_72th-1MB-200MB-write,1384,1384,52.5895
03/22/2024-09:56:48-CST,format_for_72th-1MB-200MB-write,1376,1376,52.3537
03/22/2024-09:56:49-CST,format_for_72th-1MB-200MB-write,1369,1369,52.0605
03/22/2024-09:56:50-CST,format_for_72th-1MB-200MB-write,1381,1381,51.9098
03/22/2024-09:56:51-CST,format_for_72th-1MB-200MB-write,1370,1370,52.5854
03/22/2024-09:56:52-CST,format_for_72th-1MB-200MB-write,1365,1365,51.7731
03/22/2024-09:56:53-CST,format_for_72th-1MB-200MB-write,1379,1379,50.9578
03/22/2024-09:56:54-CST,format_for_72th-1MB-200MB-write,1375,1375,52.8153
03/22/2024-09:56:55-CST,format_for_72th-1MB-200MB-write,1371,1371,52.2473
03/22/2024-09:56:56-CST,format_for_72th-1MB-200MB-write,1380,1380,52.6754
03/22/2024-09:56:57-CST,format_for_72th-1MB-200MB-write,1369,1369,52.4423
03/22/2024-09:56:58-CST,format_for_72th-1MB-200MB-write,1383,1383,50.9715
03/22/2024-09:56:59-CST,format_for_72th-1MB-200MB-write,1367,1367,52.7144
03/22/2024-09:57:00-CST,format_for_72th-1MB-200MB-write,1365,1365,53.0649
03/22/2024-09:57:01-CST,format_for_72th-1MB-200MB-write,1382,1382,52.3368
03/22/2024-09:57:02-CST,format_for_72th-1MB-200MB-write,1367,1367,52.2684
03/22/2024-09:57:03-CST,format_for_72th-1MB-200MB-write,1376,1376,52.5243
03/22/2024-09:57:04-CST,format_for_72th-1MB-200MB-write,1366,1366,52.1447
03/22/2024-09:57:05-CST,format_for_72th-1MB-200MB-write,1392,1392,51.0091
03/22/2024-09:57:06-CST,format_for_72th-1MB-200MB-write,1358,1358,52.6209
03/22/2024-09:57:07-CST,format_for_72th-1MB-200MB-write,1383,1383,51.6604
03/22/2024-09:57:08-CST,format_for_72th-1MB-200MB-write,1374,1374,52.5995
03/22/2024-09:57:09-CST,format_for_72th-1MB-200MB-write,1376,1376,52.2201
03/22/2024-09:57:10-CST,format_for_72th-1MB-200MB-write,1369,1369,52.8328
03/22/2024-09:57:11-CST,format_for_72th-1MB-200MB-write,1362,1362,52.3887
03/22/2024-09:57:12-CST,format_for_72th-1MB-200MB-write,1388,1388,52.2983
03/22/2024-09:57:13-CST,format_for_72th-1MB-200MB-write,1372,1372,52.1001
03/22/2024-09:57:14-CST,format_for_72th-1MB-200MB-write,1385,1385,52.7706
03/22/2024-09:57:15-CST,format_for_72th-1MB-200MB-write,1351,1351,52.2643
03/22/2024-09:57:16-CST,format_for_72th-1MB-200MB-write,1379,1379,50.8422
03/22/2024-09:57:17-CST,format_for_72th-1MB-200MB-write,1373,1373,52.3754
03/22/2024-09:57:18-CST,format_for_72th-1MB-200MB-write,1391,1391,51.5962
03/22/2024-09:57:19-CST,format_for_72th-1MB-200MB-write,1361,1361,53.1196
03/22/2024-09:57:20-CST,format_for_72th-1MB-200MB-write,1376,1376,52.1704
03/22/2024-09:57:21-CST,format_for_72th-1MB-200MB-write,1368,1368,52.7703
03/22/2024-09:57:22-CST,format_for_72th-1MB-200MB-write,1373,1373,52.4766
03/22/2024-09:57:23-CST,format_for_72th-1MB-200MB-write,1374,1374,52.3934
03/22/2024-09:57:24-CST,format_for_72th-1MB-200MB-write,1370,1370,52.4539
03/22/2024-09:57:25-CST,format_for_72th-1MB-200MB-write,1374,1374,52.3034
03/22/2024-09:57:26-CST,format_for_72th-1MB-200MB-write,1393,1393,50.7995
03/22/2024-09:57:27-CST,format_for_72th-1MB-200MB-write,1375,1375,46.8481
03/22/2024-09:57:28-CST,format_for_72th-1MB-200MB-write,1298,1298,33.2654
03/22/2024-09:57:29-CST,format_for_72th-1MB-200MB-write,1124,1124,32.0727
03/22/2024-09:57:30-CST,format_for_72th-1MB-200MB-write,1121,1121,32.0937
03/22/2024-09:57:31-CST,format_for_72th-1MB-200MB-write,1122,1122,32.0658
03/22/2024-09:57:32-CST,format_for_72th-1MB-200MB-write,1123,1123,32.0926
03/22/2024-09:57:33-CST,format_for_72th-1MB-200MB-write,1123,1123,31.8694
03/22/2024-09:57:34-CST,format_for_72th-1MB-200MB-write,402,402,19.6135
03/22/2024-09:57:36-CST,72th-1MB-200MB-write,870,870,45.8262
03/22/2024-09:57:37-CST,72th-1MB-200MB-write,1375,1375,52.9949
03/22/2024-09:57:38-CST,72th-1MB-200MB-write,1377,1377,52.4159
03/22/2024-09:57:39-CST,72th-1MB-200MB-write,1375,1375,52.0908
03/22/2024-09:57:40-CST,72th-1MB-200MB-write,1379,1379,52.4127
03/22/2024-09:57:41-CST,72th-1MB-200MB-write,1377,1377,52.1446
03/22/2024-09:57:42-CST,72th-1MB-200MB-write,1376,1376,52.0916
03/22/2024-09:57:43-CST,72th-1MB-200MB-write,1378,1378,52.4159
03/22/2024-09:57:44-CST,72th-1MB-200MB-write,1377,1377,52.1792
03/22/2024-09:57:45-CST,72th-1MB-200MB-write,1378,1378,51.7753
03/22/2024-09:57:46-CST,72th-1MB-200MB-write,1377,1377,51.5938
03/22/2024-09:57:47-CST,72th-1MB-200MB-write,1377,1377,52.7329
03/22/2024-09:57:48-CST,72th-1MB-200MB-write,1377,1377,51.7864
03/22/2024-09:57:49-CST,72th-1MB-200MB-write,1378,1378,51.8712
03/22/2024-09:57:50-CST,72th-1MB-200MB-write,1377,1377,52.8225
03/22/2024-09:57:51-CST,72th-1MB-200MB-write,1377,1377,51.8234
03/22/2024-09:57:52-CST,72th-1MB-200MB-write,1379,1379,52.3005
03/22/2024-09:57:53-CST,72th-1MB-200MB-write,1376,1376,52.6488
03/22/2024-09:57:54-CST,72th-1MB-200MB-write,1376,1376,52.4805
03/22/2024-09:57:55-CST,72th-1MB-200MB-write,1378,1378,52.0787
03/22/2024-09:57:56-CST,72th-1MB-200MB-write,1377,1377,52.9218
03/22/2024-09:57:57-CST,72th-1MB-200MB-write,1378,1378,51.6932
03/22/2024-09:57:58-CST,72th-1MB-200MB-write,1377,1377,52.7695
03/22/2024-09:57:59-CST,72th-1MB-200MB-write,1376,1376,52.5752
03/22/2024-09:58:00-CST,72th-1MB-200MB-write,1377,1377,52.188
03/22/2024-09:58:01-CST,72th-1MB-200MB-write,1389,1389,51.539
03/22/2024-09:58:02-CST,72th-1MB-200MB-write,1367,1367,52.4431
03/22/2024-09:58:03-CST,72th-1MB-200MB-write,1375,1375,53.1437
03/22/2024-09:58:04-CST,72th-1MB-200MB-write,1378,1378,51.3757
03/22/2024-09:58:05-CST,72th-1MB-200MB-write,1378,1378,53.0868
03/22/2024-09:58:06-CST,72th-1MB-200MB-write,1378,1378,52.4218
03/22/2024-09:58:07-CST,72th-1MB-200MB-write,1375,1375,51.0559
03/22/2024-09:58:08-CST,72th-1MB-200MB-write,1378,1378,53.2436
03/22/2024-09:58:09-CST,72th-1MB-200MB-write,1377,1377,51.8715
03/22/2024-09:58:10-CST,72th-1MB-200MB-write,1377,1377,52.5434
03/22/2024-09:58:11-CST,72th-1MB-200MB-write,1376,1376,52.2664
03/22/2024-09:58:12-CST,72th-1MB-200MB-write,1380,1380,51.8565
03/22/2024-09:58:13-CST,72th-1MB-200MB-write,1373,1373,52.2698
03/22/2024-09:58:14-CST,72th-1MB-200MB-write,1375,1375,52.5964
03/22/2024-09:58:15-CST,72th-1MB-200MB-write,1379,1379,51.9272
03/22/2024-09:58:16-CST,72th-1MB-200MB-write,1376,1376,52.1561
03/22/2024-09:58:17-CST,72th-1MB-200MB-write,1377,1377,52.5244
03/22/2024-09:58:18-CST,72th-1MB-200MB-write,1377,1377,52.0348
03/22/2024-09:58:19-CST,72th-1MB-200MB-write,1377,1377,52.0999
03/22/2024-09:58:20-CST,72th-1MB-200MB-write,1379,1379,51.4745
03/22/2024-09:58:21-CST,72th-1MB-200MB-write,1376,1376,53.3229
03/22/2024-09:58:22-CST,72th-1MB-200MB-write,1378,1378,51.675
03/22/2024-09:58:23-CST,72th-1MB-200MB-write,1378,1378,52.7107
03/22/2024-09:58:24-CST,72th-1MB-200MB-write,1376,1376,52.367
03/22/2024-09:58:25-CST,72th-1MB-200MB-write,1376,1376,51.9524
03/22/2024-09:58:26-CST,72th-1MB-200MB-write,1377,1377,52.314
03/22/2024-09:58:27-CST,72th-1MB-200MB-write,1378,1378,51.61
03/22/2024-09:58:28-CST,72th-1MB-200MB-write,1376,1376,53.8463
03/22/2024-09:58:29-CST,72th-1MB-200MB-write,1379,1379,51.2288
03/22/2024-09:58:30-CST,72th-1MB-200MB-write,1377,1377,52.8081
03/22/2024-09:58:31-CST,72th-1MB-200MB-write,1378,1378,52.2798
03/22/2024-09:58:32-CST,72th-1MB-200MB-write,1370,1370,53.4234
03/22/2024-09:58:33-CST,72th-1MB-200MB-write,1378,1378,52.2486
03/22/2024-09:58:34-CST,72th-1MB-200MB-write,1379,1379,52.0571
03/22/2024-09:58:35-CST,72th-1MB-200MB-write,1377,1377,51.9683
03/22/2024-09:58:36-CST,72th-1MB-200MB-write,1377,1377,52.231
03/22/2024-09:58:37-CST,72th-1MB-200MB-write,1378,1378,52.2157
03/22/2024-09:58:38-CST,72th-1MB-200MB-write,1376,1376,52.1015
03/22/2024-09:58:39-CST,72th-1MB-200MB-write,1377,1377,52.5758
03/22/2024-09:58:40-CST,72th-1MB-200MB-write,1377,1377,51.6748
03/22/2024-09:58:41-CST,72th-1MB-200MB-write,1378,1378,52.5765
03/22/2024-09:58:42-CST,72th-1MB-200MB-write,1378,1378,52.1929
03/22/2024-09:58:43-CST,72th-1MB-200MB-write,1375,1375,52.2831
03/22/2024-09:58:44-CST,72th-1MB-200MB-write,1376,1376,51.9917
03/22/2024-09:58:45-CST,72th-1MB-200MB-write,1379,1379,52.3338
03/22/2024-09:58:46-CST,72th-1MB-200MB-write,1376,1376,52.7047
03/22/2024-09:58:47-CST,72th-1MB-200MB-write,1379,1379,52.423
03/22/2024-09:58:48-CST,72th-1MB-200MB-write,1376,1376,52.5056
03/22/2024-09:58:49-CST,72th-1MB-200MB-write,1379,1379,51.838
03/22/2024-09:58:50-CST,72th-1MB-200MB-write,1375,1375,52.085
03/22/2024-09:58:51-CST,72th-1MB-200MB-write,1379,1379,51.8282
03/22/2024-09:58:52-CST,72th-1MB-200MB-write,1378,1378,52.7469
03/22/2024-09:58:53-CST,72th-1MB-200MB-write,1376,1376,52.2284
03/22/2024-09:58:54-CST,72th-1MB-200MB-write,1377,1377,51.8547
03/22/2024-09:58:55-CST,72th-1MB-200MB-write,1378,1378,53.1754
03/22/2024-09:58:56-CST,72th-1MB-200MB-write,1376,1376,51.6605
03/22/2024-09:58:57-CST,72th-1MB-200MB-write,1378,1378,52.6357
03/22/2024-09:58:58-CST,72th-1MB-200MB-write,1376,1376,52.5863
03/22/2024-09:58:59-CST,72th-1MB-200MB-write,1377,1377,52.1282
03/22/2024-09:59:00-CST,72th-1MB-200MB-write,1379,1379,51.3997
03/22/2024-09:59:01-CST,72th-1MB-200MB-write,1378,1378,52.853
03/22/2024-09:59:02-CST,72th-1MB-200MB-write,1376,1376,52.2669
03/22/2024-09:59:03-CST,72th-1MB-200MB-write,1378,1378,52.2032
03/22/2024-09:59:04-CST,72th-1MB-200MB-write,1377,1377,52.6557
03/22/2024-09:59:05-CST,72th-1MB-200MB-write,1377,1377,51.7585
03/22/2024-09:59:06-CST,72th-1MB-200MB-write,1377,1377,52.076
03/22/2024-09:59:07-CST,72th-1MB-200MB-write,1377,1377,52.5594
03/22/2024-09:59:08-CST,72th-1MB-200MB-write,1376,1376,52.8265
03/22/2024-09:59:09-CST,72th-1MB-200MB-write,1378,1378,52.5757
03/22/2024-09:59:10-CST,72th-1MB-200MB-write,1378,1378,52.1601
03/22/2024-09:59:11-CST,72th-1MB-200MB-write,1378,1378,52.1021
03/22/2024-09:59:12-CST,72th-1MB-200MB-write,1378,1378,51.6187
03/22/2024-09:59:13-CST,72th-1MB-200MB-write,1372,1372,52.7635
03/22/2024-09:59:14-CST,72th-1MB-200MB-write,1378,1378,51.8217
03/22/2024-09:59:15-CST,72th-1MB-200MB-write,1378,1378,52.2573
03/22/2024-09:59:16-CST,72th-1MB-200MB-write,1378,1378,52.4383
03/22/2024-09:59:17-CST,72th-1MB-200MB-write,1378,1378,52.5935
03/22/2024-09:59:18-CST,72th-1MB-200MB-write,1376,1376,52.1592
03/22/2024-09:59:19-CST,72th-1MB-200MB-write,1378,1377,52.3831
03/22/2024-09:59:20-CST,72th-1MB-200MB-write,1377,1377,52.1765
03/22/2024-09:59:21-CST,72th-1MB-200MB-write,1378,1378,52.5744
03/22/2024-09:59:22-CST,72th-1MB-200MB-write,1376,1376,51.855
03/22/2024-09:59:23-CST,72th-1MB-200MB-write,1378,1378,51.929
03/22/2024-09:59:24-CST,72th-1MB-200MB-write,1377,1377,51.8228
03/22/2024-09:59:25-CST,72th-1MB-200MB-write,1378,1378,52.7733
03/22/2024-09:59:26-CST,72th-1MB-200MB-write,1377,1377,51.8037
03/22/2024-09:59:27-CST,72th-1MB-200MB-write,1377,1377,53.4247
03/22/2024-09:59:28-CST,72th-1MB-200MB-write,1377,1377,52.1941
03/22/2024-09:59:29-CST,72th-1MB-200MB-write,1379,1379,51.3661
03/22/2024-09:59:30-CST,72th-1MB-200MB-write,1376,1376,52.8322
03/22/2024-09:59:31-CST,72th-1MB-200MB-write,1377,1377,52.4476
03/22/2024-09:59:32-CST,72th-1MB-200MB-write,1377,1377,52.5548
03/22/2024-09:59:33-CST,72th-1MB-200MB-write,1377,1377,52.2069
03/22/2024-09:59:34-CST,72th-1MB-200MB-write,1377,1377,51.665
03/22/2024-09:59:35-CST,72th-1MB-200MB-write,1374,1374,52.415
03/22/2024-09:59:36-CST,72th-1MB-200MB-write,1378,1378,52.4462
03/22/2024-09:59:37-CST,72th-1MB-200MB-write,1378,1378,51.7224
03/22/2024-09:59:38-CST,72th-1MB-200MB-write,1377,1377,52.6106
03/22/2024-09:59:39-CST,72th-1MB-200MB-write,1376,1376,51.6065
03/22/2024-09:59:40-CST,72th-1MB-200MB-write,1380,1380,52.7905
03/22/2024-09:59:41-CST,72th-1MB-200MB-write,1377,1377,52.2645
03/22/2024-09:59:42-CST,72th-1MB-200MB-write,1377,1377,51.868
03/22/2024-09:59:43-CST,72th-1MB-200MB-write,1377,1377,52.2397
03/22/2024-09:59:44-CST,72th-1MB-200MB-write,1379,1379,52.0156
03/22/2024-09:59:45-CST,72th-1MB-200MB-write,1376,1376,52.5921
03/22/2024-09:59:46-CST,72th-1MB-200MB-write,1377,1377,52.1842
03/22/2024-09:59:47-CST,72th-1MB-200MB-write,1378,1378,52.6637
03/22/2024-09:59:48-CST,72th-1MB-200MB-write,1378,1378,52.0709
03/22/2024-09:59:49-CST,72th-1MB-200MB-write,1377,1377,51.8741
03/22/2024-09:59:50-CST,72th-1MB-200MB-write,1377,1377,52.9083
03/22/2024-09:59:51-CST,72th-1MB-200MB-write,1377,1377,52.0087
03/22/2024-09:59:52-CST,72th-1MB-200MB-write,1378,1378,51.776
03/22/2024-09:59:53-CST,72th-1MB-200MB-write,1379,1379,53.3706
03/22/2024-09:59:54-CST,72th-1MB-200MB-write,1375,1375,51.9681
03/22/2024-09:59:55-CST,72th-1MB-200MB-write,1379,1379,51.8968
03/22/2024-09:59:56-CST,72th-1MB-200MB-write,1377,1377,52.4612
03/22/2024-09:59:57-CST,72th-1MB-200MB-write,1376,1376,51.8968
03/22/2024-09:59:58-CST,72th-1MB-200MB-write,1378,1378,52.3423
03/22/2024-09:59:59-CST,72th-1MB-200MB-write,1379,1379,52.4459
03/22/2024-10:00:00-CST,72th-1MB-200MB-write,1376,1376,52.1195
03/22/2024-10:00:01-CST,72th-1MB-200MB-write,1378,1378,52.3585
03/22/2024-10:00:02-CST,72th-1MB-200MB-write,1376,1376,52.5383
03/22/2024-10:00:03-CST,72th-1MB-200MB-write,1376,1376,52.6258
03/22/2024-10:00:04-CST,72th-1MB-200MB-write,1378,1378,51.5056
03/22/2024-10:00:05-CST,72th-1MB-200MB-write,1379,1379,52.42
03/22/2024-10:00:06-CST,72th-1MB-200MB-write,1381,1381,52.3879
03/22/2024-10:00:07-CST,72th-1MB-200MB-write,1379,1379,52.215
03/22/2024-10:00:08-CST,72th-1MB-200MB-write,1376,1376,52.5837
03/22/2024-10:00:09-CST,72th-1MB-200MB-write,1375,1375,52.1852
03/22/2024-10:00:10-CST,72th-1MB-200MB-write,1377,1377,52.5064
03/22/2024-10:00:11-CST,72th-1MB-200MB-write,1376,1376,51.6353
03/22/2024-10:00:12-CST,72th-1MB-200MB-write,1380,1380,52.1829
03/22/2024-10:00:13-CST,72th-1MB-200MB-write,1375,1375,52.3782
03/22/2024-10:00:14-CST,72th-1MB-200MB-write,1379,1379,52.6023
03/22/2024-10:00:15-CST,72th-1MB-200MB-write,1376,1376,51.7229
03/22/2024-10:00:16-CST,72th-1MB-200MB-write,1378,1378,52.6114
03/22/2024-10:00:17-CST,72th-1MB-200MB-write,1375,1375,51.9527
03/22/2024-10:00:18-CST,72th-1MB-200MB-write,1377,1377,52.9361
03/22/2024-10:00:19-CST,72th-1MB-200MB-write,1379,1379,51.7153
03/22/2024-10:00:20-CST,72th-1MB-200MB-write,1375,1375,53.2139
03/22/2024-10:00:21-CST,72th-1MB-200MB-write,1376,1376,52.3919
03/22/2024-10:00:22-CST,72th-1MB-200MB-write,1380,1380,51.69
03/22/2024-10:00:23-CST,72th-1MB-200MB-write,1378,1378,52.3166
03/22/2024-10:00:24-CST,72th-1MB-200MB-write,1376,1376,52.1129
03/22/2024-10:00:25-CST,72th-1MB-200MB-write,1379,1379,52.1595
03/22/2024-10:00:26-CST,72th-1MB-200MB-write,1376,1376,52.295
03/22/2024-10:00:27-CST,72th-1MB-200MB-write,1376,1376,52.2581
03/22/2024-10:00:28-CST,72th-1MB-200MB-write,1375,1375,52.4549
03/22/2024-10:00:29-CST,72th-1MB-200MB-write,1378,1378,52.643
03/22/2024-10:00:30-CST,72th-1MB-200MB-write,1378,1378,51.6482
03/22/2024-10:00:31-CST,72th-1MB-200MB-write,1376,1376,52.8087
03/22/2024-10:00:32-CST,72th-1MB-200MB-write,1377,1377,51.689
03/22/2024-10:00:33-CST,72th-1MB-200MB-write,1378,1378,52.7838
03/22/2024-10:00:34-CST,72th-1MB-200MB-write,1377,1377,51.814
03/22/2024-10:00:35-CST,72th-1MB-200MB-write,1376,1376,52.5038
03/22/2024-10:00:36-CST,72th-1MB-200MB-write,1377,1377,52.7871
03/22/2024-10:00:37-CST,72th-1MB-200MB-write,1378,1378,51.5506
03/22/2024-10:00:38-CST,72th-1MB-200MB-write,1376,1376,52.6952
03/22/2024-10:00:39-CST,72th-1MB-200MB-write,1378,1378,51.9147
03/22/2024-10:00:40-CST,72th-1MB-200MB-write,1376,1376,52.3519
03/22/2024-10:00:41-CST,72th-1MB-200MB-write,1374,1374,52.2568
03/22/2024-10:00:42-CST,72th-1MB-200MB-write,1377,1377,53.0363
03/22/2024-10:00:43-CST,72th-1MB-200MB-write,1382,1382,51.495
03/22/2024-10:00:44-CST,72th-1MB-200MB-write,1375,1375,51.9526
03/22/2024-10:00:45-CST,72th-1MB-200MB-write,1378,1378,52.5045
03/22/2024-10:00:46-CST,72th-1MB-200MB-write,1377,1377,52.6216
03/22/2024-10:00:47-CST,72th-1MB-200MB-write,1378,1378,52.1988
03/22/2024-10:00:48-CST,72th-1MB-200MB-write,1378,1378,51.8305
03/22/2024-10:00:49-CST,72th-1MB-200MB-write,1376,1376,52.0923
03/22/2024-10:00:50-CST,72th-1MB-200MB-write,1376,1376,52.7698
03/22/2024-10:00:51-CST,72th-1MB-200MB-write,1378,1378,52.4382
03/22/2024-10:00:52-CST,72th-1MB-200MB-write,1377,1377,52.465
03/22/2024-10:00:53-CST,72th-1MB-200MB-write,1376,1376,51.5715
03/22/2024-10:00:54-CST,72th-1MB-200MB-write,1377,1377,52.7924
03/22/2024-10:00:55-CST,72th-1MB-200MB-write,1379,1379,51.8451
03/22/2024-10:00:56-CST,72th-1MB-200MB-write,1376,1376,53.033
03/22/2024-10:00:57-CST,72th-1MB-200MB-write,1382,1382,52.3129
03/22/2024-10:00:58-CST,72th-1MB-200MB-write,1377,1377,51.7854
03/22/2024-10:00:59-CST,72th-1MB-200MB-write,1378,1378,51.4813
03/22/2024-10:01:00-CST,72th-1MB-200MB-write,1377,1377,53.2998
03/22/2024-10:01:01-CST,72th-1MB-200MB-write,1378,1378,52.0683
03/22/2024-10:01:02-CST,72th-1MB-200MB-write,1375,1375,52.151
03/22/2024-10:01:03-CST,72th-1MB-200MB-write,1378,1378,51.7028
03/22/2024-10:01:04-CST,72th-1MB-200MB-write,1378,1378,51.9734
03/22/2024-10:01:05-CST,72th-1MB-200MB-write,1377,1377,53.4925
03/22/2024-10:01:06-CST,72th-1MB-200MB-write,1377,1377,51.8081
03/22/2024-10:01:07-CST,72th-1MB-200MB-write,1377,1377,51.8533
03/22/2024-10:01:08-CST,72th-1MB-200MB-write,1377,1377,51.8049
03/22/2024-10:01:09-CST,72th-1MB-200MB-write,1376,1376,53.5737
03/22/2024-10:01:10-CST,72th-1MB-200MB-write,1377,1377,51.5491
03/22/2024-10:01:11-CST,72th-1MB-200MB-write,1378,1378,52.1944
03/22/2024-10:01:12-CST,72th-1MB-200MB-write,1375,1375,52.5495
03/22/2024-10:01:13-CST,72th-1MB-200MB-write,1377,1377,52.1097
03/22/2024-10:01:14-CST,72th-1MB-200MB-write,1378,1378,52.3976
03/22/2024-10:01:15-CST,72th-1MB-200MB-write,1380,1380,52.4627
03/22/2024-10:01:17-CST,72th-1MB-200MB-read,2054,2054,32.6297
03/22/2024-10:01:18-CST,72th-1MB-200MB-read,2234,2234,32.2046
03/22/2024-10:01:19-CST,72th-1MB-200MB-read,2248,2248,32.1018
03/22/2024-10:01:20-CST,72th-1MB-200MB-read,2242,2242,32.0753
03/22/2024-10:01:21-CST,72th-1MB-200MB-read,2246,2246,32.0743
03/22/2024-10:01:22-CST,72th-1MB-200MB-read,2242,2242,32.0538
03/22/2024-10:01:23-CST,72th-1MB-200MB-read,2245,2245,30.8578
03/22/2024-10:01:24-CST,72th-1MB-200MB-read,2243,2243,31.7557
03/22/2024-10:01:25-CST,72th-1MB-200MB-read,2245,2245,32.0719
03/22/2024-10:01:26-CST,72th-1MB-200MB-read,2247,2247,32.0812
03/22/2024-10:01:27-CST,72th-1MB-200MB-read,2242,2242,31.9261
03/22/2024-10:01:28-CST,72th-1MB-200MB-read,2245,2245,32.0813
03/22/2024-10:01:29-CST,72th-1MB-200MB-read,2244,2244,31.6398
03/22/2024-10:01:30-CST,72th-1MB-200MB-read,2243,2243,31.856
03/22/2024-10:01:31-CST,72th-1MB-200MB-read,2247,2247,31.957
03/22/2024-10:01:32-CST,72th-1MB-200MB-read,2244,2244,31.4369
03/22/2024-10:01:33-CST,72th-1MB-200MB-read,2245,2245,32.0794
03/22/2024-10:01:34-CST,72th-1MB-200MB-read,2243,2243,32.0728
03/22/2024-10:01:35-CST,72th-1MB-200MB-read,2243,2243,31.9428
03/22/2024-10:01:36-CST,72th-1MB-200MB-read,2245,2245,31.3845
03/22/2024-10:01:37-CST,72th-1MB-200MB-read,2244,2244,32.0827
03/22/2024-10:01:38-CST,72th-1MB-200MB-read,2246,2246,32.0801
03/22/2024-10:01:39-CST,72th-1MB-200MB-read,2244,2244,32.0691
03/22/2024-10:01:40-CST,72th-1MB-200MB-read,2245,2245,31.6684
03/22/2024-10:01:41-CST,72th-1MB-200MB-read,2244,2244,31.625
03/22/2024-10:01:42-CST,72th-1MB-200MB-read,2242,2242,31.3278
03/22/2024-10:01:43-CST,72th-1MB-200MB-read,2248,2248,32.0674
03/22/2024-10:01:44-CST,72th-1MB-200MB-read,2245,2245,29.9034
03/22/2024-10:01:45-CST,72th-1MB-200MB-read,2242,2242,30.6124
03/22/2024-10:01:46-CST,72th-1MB-200MB-read,2244,2244,32.0766
03/22/2024-10:01:47-CST,72th-1MB-200MB-read,2244,2244,31.9772
03/22/2024-10:01:48-CST,72th-1MB-200MB-read,2245,2245,31.5928
03/22/2024-10:01:49-CST,72th-1MB-200MB-read,2243,2243,31.45
03/22/2024-10:01:50-CST,72th-1MB-200MB-read,2245,2245,31.979
03/22/2024-10:01:51-CST,72th-1MB-200MB-read,2243,2243,31.8157
03/22/2024-10:01:52-CST,72th-1MB-200MB-read,2246,2246,31.904
03/22/2024-10:01:53-CST,72th-1MB-200MB-read,2243,2243,32.002
03/22/2024-10:01:54-CST,72th-1MB-200MB-read,2248,2248,31.6287
03/22/2024-10:01:55-CST,72th-1MB-200MB-read,2243,2243,31.346
03/22/2024-10:01:56-CST,72th-1MB-200MB-read,2244,2244,32.0755
03/22/2024-10:01:57-CST,72th-1MB-200MB-read,2242,2242,31.8406
03/22/2024-10:01:58-CST,72th-1MB-200MB-read,2246,2246,32.0769
03/22/2024-10:01:59-CST,72th-1MB-200MB-read,2243,2243,32.0761
03/22/2024-10:02:00-CST,72th-1MB-200MB-read,2246,2246,31.918
03/22/2024-10:02:01-CST,72th-1MB-200MB-read,2242,2242,31.5257
03/22/2024-10:02:02-CST,72th-1MB-200MB-read,2248,2248,31.7677
03/22/2024-10:02:03-CST,72th-1MB-200MB-read,2243,2243,31.9117
03/22/2024-10:02:04-CST,72th-1MB-200MB-read,2242,2242,32.0358
03/22/2024-10:02:05-CST,72th-1MB-200MB-read,2246,2246,32.0771
03/22/2024-10:02:06-CST,72th-1MB-200MB-read,2243,2243,32.0763
03/22/2024-10:02:07-CST,72th-1MB-200MB-read,2247,2247,31.5935
03/22/2024-10:02:08-CST,72th-1MB-200MB-read,2242,2242,31.5504
03/22/2024-10:02:09-CST,72th-1MB-200MB-read,2245,2245,32.0757
03/22/2024-10:02:10-CST,72th-1MB-200MB-read,2244,2244,31.8409
03/22/2024-10:02:11-CST,72th-1MB-200MB-read,2246,2246,32.0764
03/22/2024-10:02:12-CST,72th-1MB-200MB-read,2244,2244,32.0764
03/22/2024-10:02:13-CST,72th-1MB-200MB-read,2244,2244,31.8293
03/22/2024-10:02:14-CST,72th-1MB-200MB-read,2244,2244,31.3864
03/22/2024-10:02:15-CST,72th-1MB-200MB-read,2245,2245,32.0421
03/22/2024-10:02:16-CST,72th-1MB-200MB-read,2243,2243,31.869
03/22/2024-10:02:17-CST,72th-1MB-200MB-read,2246,2246,32.077
03/22/2024-10:02:18-CST,72th-1MB-200MB-read,2244,2244,32.0762
03/22/2024-10:02:19-CST,72th-1MB-200MB-read,2244,2244,32.0538
03/22/2024-10:02:20-CST,72th-1MB-200MB-read,2244,2244,31.7186
03/22/2024-10:02:21-CST,72th-1MB-200MB-read,2245,2245,31.5861
03/22/2024-10:02:22-CST,72th-1MB-200MB-read,2243,2243,31.9787
03/22/2024-10:02:23-CST,72th-1MB-200MB-read,2247,2247,31.9637
03/22/2024-10:02:24-CST,72th-1MB-200MB-read,2243,2243,32.0771
03/22/2024-10:02:25-CST,72th-1MB-200MB-read,2245,2245,32.0755
03/22/2024-10:02:26-CST,72th-1MB-200MB-read,2243,2243,31.6865
03/22/2024-10:02:27-CST,72th-1MB-200MB-read,2246,2246,31.4403
03/22/2024-10:02:28-CST,72th-1MB-200MB-read,2242,2242,32.0757
03/22/2024-10:02:29-CST,72th-1MB-200MB-read,2247,2247,31.8692
03/22/2024-10:02:30-CST,72th-1MB-200MB-read,2243,2243,32.0749
03/22/2024-10:02:31-CST,72th-1MB-200MB-read,2243,2243,32.077
03/22/2024-10:02:32-CST,72th-1MB-200MB-read,2248,2248,32.0029
03/22/2024-10:02:33-CST,72th-1MB-200MB-read,2243,2243,31.6794
03/22/2024-10:02:34-CST,72th-1MB-200MB-read,2243,2243,31.5909
03/22/2024-10:02:35-CST,72th-1MB-200MB-read,2243,2243,31.9831
03/22/2024-10:02:36-CST,72th-1MB-200MB-read,2244,2244,31.9809
03/22/2024-10:02:37-CST,72th-1MB-200MB-read,2248,2248,32.0117
03/22/2024-10:02:38-CST,72th-1MB-200MB-read,2242,2242,31.6042
03/22/2024-10:02:39-CST,72th-1MB-200MB-read,2247,2247,31.6723
03/22/2024-10:02:40-CST,72th-1MB-200MB-read,2242,2242,31.5743
03/22/2024-10:02:41-CST,72th-1MB-200MB-read,2245,2245,31.7525
03/22/2024-10:02:42-CST,72th-1MB-200MB-read,2244,2244,31.6821
03/22/2024-10:02:43-CST,72th-1MB-200MB-read,2246,2246,31.7682
03/22/2024-10:02:44-CST,72th-1MB-200MB-read,2243,2243,32.0752
03/22/2024-10:02:45-CST,72th-1MB-200MB-read,2243,2243,31.882
03/22/2024-10:02:46-CST,72th-1MB-200MB-read,2246,2246,31.2923
03/22/2024-10:02:47-CST,72th-1MB-200MB-read,2244,2244,31.9682
03/22/2024-10:02:48-CST,72th-1MB-200MB-read,2244,2244,31.8654
03/22/2024-10:02:49-CST,72th-1MB-200MB-read,2246,2246,32.0763
03/22/2024-10:02:50-CST,72th-1MB-200MB-read,2243,2243,32.0766
03/22/2024-10:02:51-CST,72th-1MB-200MB-read,2246,2246,32.0768
03/22/2024-10:02:52-CST,72th-1MB-200MB-read,2242,2242,31.6338
03/22/2024-10:02:53-CST,72th-1MB-200MB-read,2247,2247,31.5372
03/22/2024-10:02:54-CST,72th-1MB-200MB-read,2243,2243,31.7269
03/22/2024-10:02:55-CST,72th-1MB-200MB-read,2245,2245,31.7813
03/22/2024-10:02:56-CST,72th-1MB-200MB-read,2243,2243,31.2674
03/22/2024-10:02:57-CST,72th-1MB-200MB-read,2244,2244,30.1192
03/22/2024-10:02:58-CST,72th-1MB-200MB-read,2245,2245,31.3435
03/22/2024-10:02:59-CST,72th-1MB-200MB-read,2243,2243,31.3325
03/22/2024-10:03:00-CST,72th-1MB-200MB-read,2245,2245,32.0838
03/22/2024-10:03:01-CST,72th-1MB-200MB-read,2244,2244,32.0749
03/22/2024-10:03:02-CST,72th-1MB-200MB-read,2246,2246,31.7865
03/22/2024-10:03:03-CST,72th-1MB-200MB-read,2244,2244,31.9529
03/22/2024-10:03:04-CST,72th-1MB-200MB-read,2244,2244,32.075
03/22/2024-10:03:05-CST,72th-1MB-200MB-read,2244,2244,32.0491
03/22/2024-10:03:06-CST,72th-1MB-200MB-read,2244,2244,31.4263
03/22/2024-10:03:07-CST,72th-1MB-200MB-read,2244,2244,31.769
03/22/2024-10:03:08-CST,72th-1MB-200MB-read,2247,2247,32.0835
03/22/2024-10:03:09-CST,72th-1MB-200MB-read,2243,2243,32.0754
03/22/2024-10:03:10-CST,72th-1MB-200MB-read,2246,2246,32.071
03/22/2024-10:03:11-CST,72th-1MB-200MB-read,2243,2243,31.6618
03/22/2024-10:03:12-CST,72th-1MB-200MB-read,2242,2242,31.5624
03/22/2024-10:03:13-CST,72th-1MB-200MB-read,2246,2246,32.0822
03/22/2024-10:03:14-CST,72th-1MB-200MB-read,2245,2245,32.0751
03/22/2024-10:03:15-CST,72th-1MB-200MB-read,2243,2243,31.8036
03/22/2024-10:03:16-CST,72th-1MB-200MB-read,2246,2246,31.96
03/22/2024-10:03:17-CST,72th-1MB-200MB-read,2243,2243,32.0808
03/22/2024-10:03:18-CST,72th-1MB-200MB-read,2245,2245,31.8039
03/22/2024-10:03:19-CST,72th-1MB-200MB-read,2242,2242,28.3538
03/22/2024-10:03:20-CST,72th-1MB-200MB-read,2247,2247,28.5103
03/22/2024-10:03:21-CST,72th-1MB-200MB-read,2242,2242,30.7925
03/22/2024-10:03:22-CST,72th-1MB-200MB-read,2246,2246,28.4113
03/22/2024-10:03:23-CST,72th-1MB-200MB-read,2242,2242,31.5695
03/22/2024-10:03:24-CST,72th-1MB-200MB-read,2246,2246,30.9809
03/22/2024-10:03:25-CST,72th-1MB-200MB-read,2246,2246,31.7582
03/22/2024-10:03:26-CST,72th-1MB-200MB-read,2243,2243,31.8551
03/22/2024-10:03:27-CST,72th-1MB-200MB-read,2246,2246,31.6517
03/22/2024-10:03:28-CST,72th-1MB-200MB-read,2244,2244,30.0188
03/22/2024-10:03:29-CST,72th-1MB-200MB-read,2243,2243,28.2312
03/22/2024-10:03:30-CST,72th-1MB-200MB-read,2247,2247,27.6316
03/22/2024-10:03:31-CST,72th-1MB-200MB-read,2242,2242,28.3767
03/22/2024-10:03:32-CST,72th-1MB-200MB-read,2246,2246,27.4016
03/22/2024-10:03:33-CST,72th-1MB-200MB-read,2243,2243,27.7759
03/22/2024-10:03:34-CST,72th-1MB-200MB-read,2245,2245,28.0598
03/22/2024-10:03:35-CST,72th-1MB-200MB-read,2244,2244,28.0286
03/22/2024-10:03:36-CST,72th-1MB-200MB-read,2243,2243,27.7709
03/22/2024-10:03:37-CST,72th-1MB-200MB-read,2245,2245,27.6687
03/22/2024-10:03:38-CST,72th-1MB-200MB-read,2245,2245,27.8986
03/22/2024-10:03:39-CST,72th-1MB-200MB-read,2245,2245,28.8876
03/22/2024-10:03:40-CST,72th-1MB-200MB-read,2243,2243,28.7223
03/22/2024-10:03:41-CST,72th-1MB-200MB-read,2247,2247,28.3559
03/22/2024-10:03:42-CST,72th-1MB-200MB-read,2243,2243,28.5881
03/22/2024-10:03:43-CST,72th-1MB-200MB-read,2241,2241,28.3463
03/22/2024-10:03:44-CST,72th-1MB-200MB-read,2248,2248,28.8398
03/22/2024-10:03:45-CST,72th-1MB-200MB-read,2242,2242,28.1687
03/22/2024-10:03:46-CST,72th-1MB-200MB-read,2247,2247,30.2911
03/22/2024-10:03:47-CST,72th-1MB-200MB-read,2244,2244,32.0763
03/22/2024-10:03:48-CST,72th-1MB-200MB-read,2244,2244,31.3091
03/22/2024-10:03:49-CST,72th-1MB-200MB-read,2245,2245,31.2028
03/22/2024-10:03:50-CST,72th-1MB-200MB-read,2243,2243,31.8137
03/22/2024-10:03:51-CST,72th-1MB-200MB-read,2246,2246,31.8323
03/22/2024-10:03:52-CST,72th-1MB-200MB-read,2243,2243,31.7799
03/22/2024-10:03:53-CST,72th-1MB-200MB-read,2246,2246,31.9863
03/22/2024-10:03:54-CST,72th-1MB-200MB-read,2243,2243,32.0768
03/22/2024-10:03:55-CST,72th-1MB-200MB-read,2245,2245,31.8327
03/22/2024-10:03:56-CST,72th-1MB-200MB-read,2243,2243,31.6186
03/22/2024-10:03:57-CST,72th-1MB-200MB-read,2244,2244,29.1799
03/22/2024-10:03:58-CST,72th-1MB-200MB-read,2246,2246,28.5338
03/22/2024-10:03:59-CST,72th-1MB-200MB-read,2242,2242,27.2026
03/22/2024-10:04:00-CST,72th-1MB-200MB-read,2246,2246,30.7531
03/22/2024-10:04:01-CST,72th-1MB-200MB-read,2244,2244,28.862
03/22/2024-10:04:02-CST,72th-1MB-200MB-read,2244,2244,30.4158
03/22/2024-10:04:03-CST,72th-1MB-200MB-read,2245,2245,29.0643
03/22/2024-10:04:04-CST,72th-1MB-200MB-read,2244,2244,28.2627
03/22/2024-10:04:05-CST,72th-1MB-200MB-read,2243,2243,27.1592
03/22/2024-10:04:06-CST,72th-1MB-200MB-read,2246,2246,29.121
03/22/2024-10:04:07-CST,72th-1MB-200MB-read,2243,2243,28.8259
03/22/2024-10:04:08-CST,72th-1MB-200MB-read,2246,2246,31.0822
03/22/2024-10:04:09-CST,72th-1MB-200MB-read,2243,2243,31.9607
03/22/2024-10:04:10-CST,72th-1MB-200MB-read,2244,2244,31.9337
03/22/2024-10:04:11-CST,72th-1MB-200MB-read,2247,2247,31.0805
03/22/2024-10:04:12-CST,72th-1MB-200MB-read,2242,2242,31.7261
03/22/2024-10:04:13-CST,72th-1MB-200MB-read,2247,2247,31.7907
03/22/2024-10:04:14-CST,72th-1MB-200MB-read,2242,2242,32.0611
03/22/2024-10:04:15-CST,72th-1MB-200MB-read,2244,2244,32.0765
03/22/2024-10:04:16-CST,72th-1MB-200MB-read,2245,2245,32.0771
03/22/2024-10:04:17-CST,72th-1MB-200MB-read,2245,2245,31.7723
03/22/2024-10:04:18-CST,72th-1MB-200MB-read,2243,2243,31.4816
03/22/2024-10:04:19-CST,72th-1MB-200MB-read,2247,2247,31.8203
03/22/2024-10:04:20-CST,72th-1MB-200MB-read,2242,2242,31.8909
03/22/2024-10:04:21-CST,72th-1MB-200MB-read,2246,2246,32.0766
03/22/2024-10:04:22-CST,72th-1MB-200MB-read,2243,2243,32.0769
03/22/2024-10:04:23-CST,72th-1MB-200MB-read,2246,2246,32.0674
03/22/2024-10:04:24-CST,72th-1MB-200MB-read,2243,2243,31.1206
03/22/2024-10:04:25-CST,72th-1MB-200MB-read,2245,2245,31.5718
03/22/2024-10:04:26-CST,72th-1MB-200MB-read,2242,2242,31.053
03/22/2024-10:04:27-CST,72th-1MB-200MB-read,2247,2247,32.0761
03/22/2024-10:04:28-CST,72th-1MB-200MB-read,2246,2246,31.972
03/22/2024-10:04:29-CST,72th-1MB-200MB-read,2242,2242,31.7171
03/22/2024-10:04:30-CST,72th-1MB-200MB-read,2244,2244,31.6722
03/22/2024-10:04:31-CST,72th-1MB-200MB-read,2245,2245,31.7192
03/22/2024-10:04:32-CST,72th-1MB-200MB-read,2244,2244,31.7982
03/22/2024-10:04:33-CST,72th-1MB-200MB-read,2245,2245,31.9311
03/22/2024-10:04:34-CST,72th-1MB-200MB-read,2242,2242,32.0761
03/22/2024-10:04:35-CST,72th-1MB-200MB-read,2247,2247,32.077
03/22/2024-10:04:36-CST,72th-1MB-200MB-read,2244,2244,31.9867
03/22/2024-10:04:37-CST,72th-1MB-200MB-read,2243,2243,31.4984
03/22/2024-10:04:38-CST,72th-1MB-200MB-read,2246,2246,31.8915
03/22/2024-10:04:39-CST,72th-1MB-200MB-read,2244,2244,31.7639
03/22/2024-10:04:40-CST,72th-1MB-200MB-read,2244,2244,32.0765
03/22/2024-10:04:41-CST,72th-1MB-200MB-read,2244,2244,32.0769
03/22/2024-10:04:42-CST,72th-1MB-200MB-read,2244,2244,32.0766
03/22/2024-10:04:43-CST,72th-1MB-200MB-read,2244,2244,31.5529
03/22/2024-10:04:44-CST,72th-1MB-200MB-read,2244,2244,31.938
03/22/2024-10:04:45-CST,72th-1MB-200MB-read,2246,2246,31.7877
03/22/2024-10:04:46-CST,72th-1MB-200MB-read,2242,2242,31.9446
03/22/2024-10:04:47-CST,72th-1MB-200MB-read,2246,2246,32.0768
03/22/2024-10:04:48-CST,72th-1MB-200MB-read,2243,2243,32.0767
03/22/2024-10:04:49-CST,72th-1MB-200MB-read,2246,2246,31.8314
03/22/2024-10:04:50-CST,72th-1MB-200MB-read,2244,2244,31.6659
03/22/2024-10:04:51-CST,72th-1MB-200MB-read,2244,2244,31.8037
03/22/2024-10:04:52-CST,72th-1MB-200MB-read,2243,2243,31.8768
03/22/2024-10:04:53-CST,72th-1MB-200MB-read,2245,2245,32.0771
03/22/2024-10:04:54-CST,72th-1MB-200MB-read,2247,2247,32.0769
03/22/2024-10:04:55-CST,72th-1MB-200MB-read,2242,2242,32.0771
03/22/2024-10:04:56-CST,72th-1MB-200MB-read,2246,2246,31.4295
03/22/2024-10:04:58-CST,72th-1MB-200MB-rw,2096,2096,21.6042
03/22/2024-10:04:59-CST,72th-1MB-200MB-rw,3197,3197,22.5092
03/22/2024-10:05:00-CST,72th-1MB-200MB-rw,3227,3227,22.3194
03/22/2024-10:05:01-CST,72th-1MB-200MB-rw,3206,3206,22.4279
03/22/2024-10:05:02-CST,72th-1MB-200MB-rw,3222,3222,22.1644
03/22/2024-10:05:03-CST,72th-1MB-200MB-rw,3256,3256,22.0858
03/22/2024-10:05:04-CST,72th-1MB-200MB-rw,3234,3234,22.2564
03/22/2024-10:05:05-CST,72th-1MB-200MB-rw,3233,3233,22.2608
03/22/2024-10:05:06-CST,72th-1MB-200MB-rw,3233,3233,22.0742
03/22/2024-10:05:07-CST,72th-1MB-200MB-rw,3250,3250,22.1381
03/22/2024-10:05:08-CST,72th-1MB-200MB-rw,3259,3259,22.0901
03/22/2024-10:05:09-CST,72th-1MB-200MB-rw,3241,3241,22.1853
03/22/2024-10:05:10-CST,72th-1MB-200MB-rw,3248,3248,22.2055
03/22/2024-10:05:11-CST,72th-1MB-200MB-rw,3233,3233,22.0715
03/22/2024-10:05:12-CST,72th-1MB-200MB-rw,3252,3252,22.1174
03/22/2024-10:05:13-CST,72th-1MB-200MB-rw,3233,3233,22.2674
03/22/2024-10:05:14-CST,72th-1MB-200MB-rw,3224,3224,22.3146
03/22/2024-10:05:15-CST,72th-1MB-200MB-rw,3244,3244,22.0011
03/22/2024-10:05:16-CST,72th-1MB-200MB-rw,3173,3173,22.6703
03/22/2024-10:05:17-CST,72th-1MB-200MB-rw,3201,3201,22.4953
03/22/2024-10:05:18-CST,72th-1MB-200MB-rw,3229,3229,22.2891
03/22/2024-10:05:19-CST,72th-1MB-200MB-rw,3224,3224,22.1566
03/22/2024-10:05:20-CST,72th-1MB-200MB-rw,3237,3237,22.2455
03/22/2024-10:05:21-CST,72th-1MB-200MB-rw,3226,3226,22.2733
03/22/2024-10:05:22-CST,72th-1MB-200MB-rw,3241,3241,22.2284
03/22/2024-10:05:23-CST,72th-1MB-200MB-rw,3237,3237,22.2023
03/22/2024-10:05:24-CST,72th-1MB-200MB-rw,3241,3241,22.068
03/22/2024-10:05:25-CST,72th-1MB-200MB-rw,3245,3245,22.1611
03/22/2024-10:05:26-CST,72th-1MB-200MB-rw,3240,3240,22.2364
03/22/2024-10:05:27-CST,72th-1MB-200MB-rw,3238,3238,22.2223
03/22/2024-10:05:28-CST,72th-1MB-200MB-rw,3237,3237,22.019
03/22/2024-10:05:29-CST,72th-1MB-200MB-rw,3287,3287,21.9104
03/22/2024-10:05:30-CST,72th-1MB-200MB-rw,3237,3237,22.2475
03/22/2024-10:05:31-CST,72th-1MB-200MB-rw,3223,3223,22.3022
03/22/2024-10:05:32-CST,72th-1MB-200MB-rw,3252,3252,21.9788
03/22/2024-10:05:33-CST,72th-1MB-200MB-rw,3247,3247,22.1347
03/22/2024-10:05:34-CST,72th-1MB-200MB-rw,3240,3240,22.2339
03/22/2024-10:05:35-CST,72th-1MB-200MB-rw,3234,3234,22.2571
03/22/2024-10:05:36-CST,72th-1MB-200MB-rw,3226,3226,22.1169
03/22/2024-10:05:37-CST,72th-1MB-200MB-rw,3233,3233,22.2553
03/22/2024-10:05:38-CST,72th-1MB-200MB-rw,3235,3235,22.2572
03/22/2024-10:05:39-CST,72th-1MB-200MB-rw,3227,3227,22.2996
03/22/2024-10:05:40-CST,72th-1MB-200MB-rw,3228,3228,22.3208
03/22/2024-10:05:41-CST,72th-1MB-200MB-rw,3227,3227,22.0861
03/22/2024-10:05:42-CST,72th-1MB-200MB-rw,3248,3248,22.1616
03/22/2024-10:05:43-CST,72th-1MB-200MB-rw,3231,3231,22.2731
03/22/2024-10:05:44-CST,72th-1MB-200MB-rw,3223,3223,22.3543
03/22/2024-10:05:45-CST,72th-1MB-200MB-rw,3239,3239,22.0193
03/22/2024-10:05:46-CST,72th-1MB-200MB-rw,3252,3252,22.1187
03/22/2024-10:05:47-CST,72th-1MB-200MB-rw,3237,3237,22.2271
03/22/2024-10:05:48-CST,72th-1MB-200MB-rw,3225,3225,22.327
03/22/2024-10:05:49-CST,72th-1MB-200MB-rw,3224,3224,22.1048
03/22/2024-10:05:50-CST,72th-1MB-200MB-rw,3230,3230,22.3195
03/22/2024-10:05:51-CST,72th-1MB-200MB-rw,3230,3230,22.2668
03/22/2024-10:05:52-CST,72th-1MB-200MB-rw,3224,3224,22.3147
03/22/2024-10:05:53-CST,72th-1MB-200MB-rw,3239,3239,22.0461
03/22/2024-10:05:54-CST,72th-1MB-200MB-rw,3259,3259,22.0716
03/22/2024-10:05:55-CST,72th-1MB-200MB-rw,3246,3246,22.152
03/22/2024-10:05:56-CST,72th-1MB-200MB-rw,3234,3234,22.2361
03/22/2024-10:05:57-CST,72th-1MB-200MB-rw,3220,3220,22.3605
03/22/2024-10:05:58-CST,72th-1MB-200MB-rw,3231,3231,22.049
03/22/2024-10:05:59-CST,72th-1MB-200MB-rw,3248,3248,22.1822
03/22/2024-10:06:00-CST,72th-1MB-200MB-rw,3227,3227,22.3127
03/22/2024-10:06:01-CST,72th-1MB-200MB-rw,3219,3219,22.339
03/22/2024-10:06:02-CST,72th-1MB-200MB-rw,3221,3221,22.146
03/22/2024-10:06:03-CST,72th-1MB-200MB-rw,3226,3226,22.2965
03/22/2024-10:06:04-CST,72th-1MB-200MB-rw,3194,3194,22.533
03/22/2024-10:06:05-CST,72th-1MB-200MB-rw,3192,3192,22.5789
03/22/2024-10:06:06-CST,72th-1MB-200MB-rw,3210,3210,22.1785
03/22/2024-10:06:07-CST,72th-1MB-200MB-rw,3254,3254,22.1426
03/22/2024-10:06:08-CST,72th-1MB-200MB-rw,3244,3244,22.2004
03/22/2024-10:06:09-CST,72th-1MB-200MB-rw,3224,3224,22.3197
03/22/2024-10:06:10-CST,72th-1MB-200MB-rw,3227,3227,22.3005
03/22/2024-10:06:11-CST,72th-1MB-200MB-rw,3246,3246,21.962
03/22/2024-10:06:12-CST,72th-1MB-200MB-rw,3252,3252,22.1354
03/22/2024-10:06:13-CST,72th-1MB-200MB-rw,3230,3230,22.2829
03/22/2024-10:06:14-CST,72th-1MB-200MB-rw,3236,3236,22.2527
03/22/2024-10:06:15-CST,72th-1MB-200MB-rw,3242,3242,21.9945
03/22/2024-10:06:16-CST,72th-1MB-200MB-rw,3155,3155,22.8145
03/22/2024-10:06:17-CST,72th-1MB-200MB-rw,3194,3194,22.5325
03/22/2024-10:06:18-CST,72th-1MB-200MB-rw,3236,3236,22.255
03/22/2024-10:06:19-CST,72th-1MB-200MB-rw,3237,3237,22.0153
03/22/2024-10:06:20-CST,72th-1MB-200MB-rw,3238,3238,22.21
03/22/2024-10:06:21-CST,72th-1MB-200MB-rw,3226,3226,22.3048
03/22/2024-10:06:22-CST,72th-1MB-200MB-rw,3223,3223,22.3452
03/22/2024-10:06:23-CST,72th-1MB-200MB-rw,3232,3232,22.0573
03/22/2024-10:06:24-CST,72th-1MB-200MB-rw,3223,3223,22.3592
03/22/2024-10:06:25-CST,72th-1MB-200MB-rw,3240,3240,22.2097
03/22/2024-10:06:26-CST,72th-1MB-200MB-rw,3213,3214,22.3968
03/22/2024-10:06:27-CST,72th-1MB-200MB-rw,3232,3232,22.2533
03/22/2024-10:06:28-CST,72th-1MB-200MB-rw,3229,3229,22.1043
03/22/2024-10:06:29-CST,72th-1MB-200MB-rw,3249,3249,22.1605
03/22/2024-10:06:30-CST,72th-1MB-200MB-rw,3243,3243,22.1669
03/22/2024-10:06:31-CST,72th-1MB-200MB-rw,3233,3233,22.2988
03/22/2024-10:06:32-CST,72th-1MB-200MB-rw,3218,3218,22.1508
03/22/2024-10:06:33-CST,72th-1MB-200MB-rw,3208,3208,22.4219
03/22/2024-10:06:34-CST,72th-1MB-200MB-rw,3225,3225,22.3331
03/22/2024-10:06:35-CST,72th-1MB-200MB-rw,3224,3224,22.3247
03/22/2024-10:06:36-CST,72th-1MB-200MB-rw,3212,3212,22.1893
03/22/2024-10:06:37-CST,72th-1MB-200MB-rw,3225,3225,22.2765
03/22/2024-10:06:38-CST,72th-1MB-200MB-rw,3240,3240,22.2598
03/22/2024-10:06:39-CST,72th-1MB-200MB-rw,3225,3225,22.3137
03/22/2024-10:06:40-CST,72th-1MB-200MB-rw,3220,3220,22.3256
03/22/2024-10:06:41-CST,72th-1MB-200MB-rw,3221,3221,22.161
03/22/2024-10:06:42-CST,72th-1MB-200MB-rw,3225,3225,22.3153
03/22/2024-10:06:43-CST,72th-1MB-200MB-rw,3229,3229,22.2972
03/22/2024-10:06:44-CST,72th-1MB-200MB-rw,3222,3222,22.3365
03/22/2024-10:06:45-CST,72th-1MB-200MB-rw,3222,3222,22.0736
03/22/2024-10:06:46-CST,72th-1MB-200MB-rw,3195,3195,22.5828
03/22/2024-10:06:47-CST,72th-1MB-200MB-rw,3203,3203,22.4498
03/22/2024-10:06:48-CST,72th-1MB-200MB-rw,3216,3216,22.4055
03/22/2024-10:06:49-CST,72th-1MB-200MB-rw,3227,3227,22.0632
03/22/2024-10:06:50-CST,72th-1MB-200MB-rw,3257,3257,22.1201
03/22/2024-10:06:51-CST,72th-1MB-200MB-rw,3218,3218,22.3539
03/22/2024-10:06:52-CST,72th-1MB-200MB-rw,3216,3216,22.3877
03/22/2024-10:06:53-CST,72th-1MB-200MB-rw,3226,3225,22.0799
03/22/2024-10:06:54-CST,72th-1MB-200MB-rw,3221,3221,22.3384
03/22/2024-10:06:55-CST,72th-1MB-200MB-rw,3241,3241,22.2032
03/22/2024-10:06:56-CST,72th-1MB-200MB-rw,3214,3214,22.4292
03/22/2024-10:06:57-CST,72th-1MB-200MB-rw,3229,3229,22.2768
03/22/2024-10:06:58-CST,72th-1MB-200MB-rw,3226,3226,22.0547
03/22/2024-10:06:59-CST,72th-1MB-200MB-rw,3252,3252,22.1178
03/22/2024-10:07:00-CST,72th-1MB-200MB-rw,3218,3218,22.384
03/22/2024-10:07:01-CST,72th-1MB-200MB-rw,3195,3195,22.5136
03/22/2024-10:07:02-CST,72th-1MB-200MB-rw,3212,3212,22.1606
03/22/2024-10:07:03-CST,72th-1MB-200MB-rw,3238,3238,22.2687
03/22/2024-10:07:04-CST,72th-1MB-200MB-rw,3203,3203,22.4436
03/22/2024-10:07:05-CST,72th-1MB-200MB-rw,3197,3197,22.5197
03/22/2024-10:07:06-CST,72th-1MB-200MB-rw,3203,3203,22.2817
03/22/2024-10:07:07-CST,72th-1MB-200MB-rw,3234,3234,22.2341
03/22/2024-10:07:08-CST,72th-1MB-200MB-rw,3235,3235,22.2766
03/22/2024-10:07:09-CST,72th-1MB-200MB-rw,3238,3238,22.2166
03/22/2024-10:07:10-CST,72th-1MB-200MB-rw,3235,3235,22.1945
03/22/2024-10:07:11-CST,72th-1MB-200MB-rw,3238,3238,22.0934
03/22/2024-10:07:12-CST,72th-1MB-200MB-rw,3248,3248,22.1638
03/22/2024-10:07:13-CST,72th-1MB-200MB-rw,3242,3242,22.2131
03/22/2024-10:07:14-CST,72th-1MB-200MB-rw,3230,3230,22.2706
03/22/2024-10:07:15-CST,72th-1MB-200MB-rw,3241,3241,21.996
03/22/2024-10:07:16-CST,72th-1MB-200MB-rw,3177,3177,22.6636
03/22/2024-10:07:17-CST,72th-1MB-200MB-rw,3181,3181,22.6146
03/22/2024-10:07:18-CST,72th-1MB-200MB-rw,3245,3245,22.1704
03/22/2024-10:07:19-CST,72th-1MB-200MB-rw,3233,3233,22.0539
03/22/2024-10:07:20-CST,72th-1MB-200MB-rw,3230,3230,22.2833
03/22/2024-10:07:21-CST,72th-1MB-200MB-rw,3230,3230,22.3112
03/22/2024-10:07:22-CST,72th-1MB-200MB-rw,3237,3237,22.2421
03/22/2024-10:07:23-CST,72th-1MB-200MB-rw,3241,3241,21.9859
03/22/2024-10:07:24-CST,72th-1MB-200MB-rw,3249,3249,22.1541
03/22/2024-10:07:25-CST,72th-1MB-200MB-rw,3254,3254,22.1492
03/22/2024-10:07:26-CST,72th-1MB-200MB-rw,3238,3238,22.2135
03/22/2024-10:07:27-CST,72th-1MB-200MB-rw,3236,3236,22.245
03/22/2024-10:07:28-CST,72th-1MB-200MB-rw,3252,3252,21.9306
03/22/2024-10:07:29-CST,72th-1MB-200MB-rw,3258,3258,22.0756
03/22/2024-10:07:30-CST,72th-1MB-200MB-rw,3241,3241,22.2071
03/22/2024-10:07:31-CST,72th-1MB-200MB-rw,3232,3232,22.2812
03/22/2024-10:07:32-CST,72th-1MB-200MB-rw,3243,3243,21.9827
03/22/2024-10:07:33-CST,72th-1MB-200MB-rw,3269,3269,22.015
03/22/2024-10:07:34-CST,72th-1MB-200MB-rw,3228,3228,22.279
03/22/2024-10:07:35-CST,72th-1MB-200MB-rw,3237,3237,22.2716
03/22/2024-10:07:36-CST,72th-1MB-200MB-rw,3230,3230,22.0669
03/22/2024-10:07:37-CST,72th-1MB-200MB-rw,3242,3242,22.1762
03/22/2024-10:07:38-CST,72th-1MB-200MB-rw,3240,3240,22.2359
03/22/2024-10:07:39-CST,72th-1MB-200MB-rw,3233,3233,22.2525
03/22/2024-10:07:40-CST,72th-1MB-200MB-rw,3220,3220,22.2442
03/22/2024-10:07:41-CST,72th-1MB-200MB-rw,3229,3229,22.2077
03/22/2024-10:07:42-CST,72th-1MB-200MB-rw,3239,3239,22.2181
03/22/2024-10:07:43-CST,72th-1MB-200MB-rw,3236,3236,22.2567
03/22/2024-10:07:44-CST,72th-1MB-200MB-rw,3226,3226,22.2997
03/22/2024-10:07:45-CST,72th-1MB-200MB-rw,3243,3243,21.9381
03/22/2024-10:07:46-CST,72th-1MB-200MB-rw,3223,3223,22.372
03/22/2024-10:07:47-CST,72th-1MB-200MB-rw,3219,3219,22.3367
03/22/2024-10:07:48-CST,72th-1MB-200MB-rw,3244,3244,22.2229
03/22/2024-10:07:49-CST,72th-1MB-200MB-rw,3235,3235,22.0151
03/22/2024-10:07:50-CST,72th-1MB-200MB-rw,3249,3249,22.1762
03/22/2024-10:07:51-CST,72th-1MB-200MB-rw,3233,3233,22.2531
03/22/2024-10:07:52-CST,72th-1MB-200MB-rw,3237,3237,22.25
03/22/2024-10:07:53-CST,72th-1MB-200MB-rw,3230,3230,22.0632
03/22/2024-10:07:54-CST,72th-1MB-200MB-rw,3247,3247,22.1575
03/22/2024-10:07:55-CST,72th-1MB-200MB-rw,3250,3250,22.1494
03/22/2024-10:07:56-CST,72th-1MB-200MB-rw,3231,3231,22.2928
03/22/2024-10:07:57-CST,72th-1MB-200MB-rw,3240,3240,22.1841
03/22/2024-10:07:58-CST,72th-1MB-200MB-rw,3249,3249,21.9614
03/22/2024-10:07:59-CST,72th-1MB-200MB-rw,3258,3258,22.1103
03/22/2024-10:08:00-CST,72th-1MB-200MB-rw,3241,3241,22.2017
03/22/2024-10:08:01-CST,72th-1MB-200MB-rw,3240,3240,22.2035
03/22/2024-10:08:02-CST,72th-1MB-200MB-rw,3219,3219,22.0927
03/22/2024-10:08:03-CST,72th-1MB-200MB-rw,3246,3246,22.1758
03/22/2024-10:08:04-CST,72th-1MB-200MB-rw,3213,3213,22.414
03/22/2024-10:08:05-CST,72th-1MB-200MB-rw,3215,3215,22.3895
03/22/2024-10:08:06-CST,72th-1MB-200MB-rw,3236,3236,22.0186
03/22/2024-10:08:07-CST,72th-1MB-200MB-rw,3252,3252,22.1277
03/22/2024-10:08:08-CST,72th-1MB-200MB-rw,3244,3244,22.1705
03/22/2024-10:08:09-CST,72th-1MB-200MB-rw,3246,3246,22.2089
03/22/2024-10:08:10-CST,72th-1MB-200MB-rw,3239,3239,22.0247
03/22/2024-10:08:11-CST,72th-1MB-200MB-rw,3245,3245,22.1379
03/22/2024-10:08:12-CST,72th-1MB-200MB-rw,3253,3253,22.1244
03/22/2024-10:08:13-CST,72th-1MB-200MB-rw,3238,3238,22.2312
03/22/2024-10:08:14-CST,72th-1MB-200MB-rw,3233,3233,22.2802
03/22/2024-10:08:15-CST,72th-1MB-200MB-rw,3240,3240,21.9174
03/22/2024-10:08:16-CST,72th-1MB-200MB-rw,3197,3197,22.4885
03/22/2024-10:08:17-CST,72th-1MB-200MB-rw,3209,3209,22.4624
03/22/2024-10:08:18-CST,72th-1MB-200MB-rw,3232,3232,22.2668
03/22/2024-10:08:19-CST,72th-1MB-200MB-rw,3248,3248,21.9341
03/22/2024-10:08:20-CST,72th-1MB-200MB-rw,3261,3261,22.0508
03/22/2024-10:08:21-CST,72th-1MB-200MB-rw,3227,3227,22.3107
03/22/2024-10:08:22-CST,72th-1MB-200MB-rw,3231,3231,22.2775
03/22/2024-10:08:23-CST,72th-1MB-200MB-rw,3242,3242,21.9748
03/22/2024-10:08:24-CST,72th-1MB-200MB-rw,3238,3238,22.2541
03/22/2024-10:08:25-CST,72th-1MB-200MB-rw,3241,3241,22.1994
03/22/2024-10:08:26-CST,72th-1MB-200MB-rw,3222,3222,22.3646
03/22/2024-10:08:27-CST,72th-1MB-200MB-rw,3231,3231,22.1492
03/22/2024-10:08:28-CST,72th-1MB-200MB-rw,3241,3241,22.1155
03/22/2024-10:08:29-CST,72th-1MB-200MB-rw,3245,3245,22.2048
03/22/2024-10:08:30-CST,72th-1MB-200MB-rw,3219,3219,22.3532
03/22/2024-10:08:31-CST,72th-1MB-200MB-rw,3222,3222,22.3144
03/22/2024-10:08:32-CST,72th-1MB-200MB-rw,3231,3231,22.0668
03/22/2024-10:08:33-CST,72th-1MB-200MB-rw,3238,3238,22.2258
03/22/2024-10:08:34-CST,72th-1MB-200MB-rw,3228,3228,22.3185
03/22/2024-10:08:35-CST,72th-1MB-200MB-rw,3228,3228,22.2911
03/22/2024-10:08:36-CST,72th-1MB-200MB-rw,3217,3217,22.1325
03/22/2024-10:08:37-CST,72th-1MB-200MB-rw,3225,3225,22.3199